Descripción;Categoria muerte;palabra clave
AHOGADO EN EL RIO MAGDALENA;AHOGAMIENTO;AHOGA
AHOGADO EN RIO CAUCA;AHOGAMIENTO;AHOGA
AHOGAMIENTO RIO MAGDALENA;AHOGAMIENTO;AHOGA
AHORACADO EN SU CASA CON UNA SOGA;AHORCAMIENTO;AHOR
AHORACDO CON UN CABLE COAXIAL;AHORCAMIENTO;AHOR
AHORCADA CON CORDON DE CORTINERO;AHORCAMIENTO;AHOR
AHORCADA CON LAZO;AHORCAMIENTO;AHOR
AHORCADA CON UN CORDON DE ZAPATO;AHORCAMIENTO;AHOR
AHORCADA CON UNAS SABANAS;AHORCAMIENTO;AHOR
AHORCADA EN SU RESIDENCIA KR 12 A # 45-42 BL 9 LOCAL 1;AHORCAMIENTO;AHOR
AHORCADO;AHORCAMIENTO;AHOR
AHORCADO;AHORCAMIENTO;AHOR
AHORCADO;AHORCAMIENTO;AHOR
AHORCADO;AHORCAMIENTO;AHOR
AHORCADO;AHORCAMIENTO;AHOR
AHORCADO;AHORCAMIENTO;AHOR
AHORCADO;AHORCAMIENTO;AHOR
AHORCADO;AHORCAMIENTO;AHOR
AHORCADO;AHORCAMIENTO;AHOR
AHORCADO AL SUSPENDER CON CUERDA DE UN ARBOL;AHORCAMIENTO;AHOR
AHORCADO CON CABLE DUPLEX DE ENERGIA;AHORCAMIENTO;AHOR
AHORCADO CON CONDON DE CORTINERO;AHORCAMIENTO;AHOR
AHORCADO CON CUERDA;AHORCAMIENTO;AHOR
AHORCADO CON CUERDA;AHORCAMIENTO;AHOR
AHORCADO CON CUERDA DE UN ARBOL;AHORCAMIENTO;AHOR
AHORCADO CON EL CINTURON;AHORCAMIENTO;AHOR
AHORCADO CON LASO SINTETICO;AHORCAMIENTO;AHOR
AHORCADO CON MANILA DE FIBRA;AHORCAMIENTO;AHOR
AHORCADO CON TREZAS QUE FABRICO DE VARIAS SABANAS;AHORCAMIENTO;AHOR
AHORCADO CON UN CABLE;AHORCAMIENTO;AHOR
AHORCADO CON UN CABLE COAXIAL;AHORCAMIENTO;AHOR
AHORCADO CON UN CABLE DE ENERGIA;AHORCAMIENTO;AHOR
AHORCADO CON UN CABLE DE ENERGIA;AHORCAMIENTO;AHOR
AHORCADO CON UN COLLAR DE AHOGO;AHORCAMIENTO;AHOR
AHORCADO CON UNA CINTA EN SU RESIDENCIA;AHORCAMIENTO;AHOR
AHORCADO CON UNA CORREA;AHORCAMIENTO;AHOR
AHORCADO CON UNA CORREA EN EL BAÐO DE SU CASA;AHORCAMIENTO;AHOR
AHORCADO CON UNA CUERDA SUSPENDIDA DE UN ARBOL;AHORCAMIENTO;AHOR
AHORCADO CON UNA LASO AMARRADO A LAS ESCALAS;AHORCAMIENTO;AHOR
AHORCADO CON UNA SOGA;AHORCAMIENTO;AHOR
AHORCADO CON UNA SOGA;AHORCAMIENTO;AHOR
AHORCADO CON UNA SOGA;AHORCAMIENTO;AHOR
AHORCADO CON UNA SOGA;AHORCAMIENTO;AHOR
AHORCADO CON UNA SOGA SINTETICA;AHORCAMIENTO;AHOR
AHORCADO DE UNA VIGA CON UNA CUERDA;AHORCAMIENTO;AHOR
AHORCADO DE UNA VIGA DE GUADUA CON UN CAMIBUSO  DE MANGAS LARGAS;AHORCAMIENTO;AHOR
AHORCADO EN CARCEL CON PEDAZO DE COBIJA;AHORCAMIENTO;AHOR
AHORCADO EN DOMICILIO DESPUES DE APUÐALEAR A LA ESPOSA;AHORCAMIENTO;AHOR
AHORCADO SUSPENDIDO CON UN LAZO;AHORCAMIENTO;AHOR
AHORCADO SUSPENDIDO DE UNA CUERDA;AHORCAMIENTO;AHOR
AHORCAMIENTO;AHORCAMIENTO;AHOR
AHORCAMIENTO;AHORCAMIENTO;AHOR
AHORCAMIENTO;AHORCAMIENTO;AHOR
AHORCAMIENTO;AHORCAMIENTO;AHOR
AHORCAMIENTO;AHORCAMIENTO;AHOR
AHORCAMIENTO;AHORCAMIENTO;AHOR
AHORCAMIENTO;AHORCAMIENTO;AHOR
AHORCAMIENTO;AHORCAMIENTO;AHOR
AHORCAMIENTO;AHORCAMIENTO;AHOR
AHORCAMIENTO;AHORCAMIENTO;AHOR
AHORCAMIENTO;AHORCAMIENTO;AHOR
AHORCAMIENTO;AHORCAMIENTO;AHOR
AHORCAMIENTO;AHORCAMIENTO;AHOR
AHORCAMIENTO;AHORCAMIENTO;AHOR
AHORCAMIENTO;AHORCAMIENTO;AHOR
AHORCAMIENTO;AHORCAMIENTO;AHOR
AHORCAMIENTO;AHORCAMIENTO;AHOR
AHORCAMIENTO;AHORCAMIENTO;AHOR
AHORCAMIENTO;AHORCAMIENTO;AHOR
AHORCAMIENTO;AHORCAMIENTO;AHOR
AHORCAMIENTO;AHORCAMIENTO;AHOR
AHORCAMIENTO;AHORCAMIENTO;AHOR
AHORCAMIENTO;AHORCAMIENTO;AHOR
AHORCAMIENTO;AHORCAMIENTO;AHOR
AHORCAMIENTO;AHORCAMIENTO;AHOR
AHORCAMIENTO;AHORCAMIENTO;AHOR
AHORCAMIENTO;AHORCAMIENTO;AHOR
AHORCAMIENTO;AHORCAMIENTO;AHOR
AHORCAMIENTO;AHORCAMIENTO;AHOR
AHORCAMIENTO;AHORCAMIENTO;AHOR
AHORCAMIENTO;AHORCAMIENTO;AHOR
AHORCAMIENTO;AHORCAMIENTO;AHOR
AHORCAMIENTO;AHORCAMIENTO;AHOR
AHORCAMIENTO   CON   LAZO;AHORCAMIENTO;AHOR
AHORCAMIENTO CON CABLE;AHORCAMIENTO;AHOR
AHORCAMIENTO CON CINTURON;AHORCAMIENTO;AHOR
AHORCAMIENTO CON CORDON;AHORCAMIENTO;AHOR
AHORCAMIENTO CON CORREA RIATA;AHORCAMIENTO;AHOR
AHORCAMIENTO CON CUERDA;AHORCAMIENTO;AHOR
AHORCAMIENTO CON CUERDA;AHORCAMIENTO;AHOR
AHORCAMIENTO CON LA 20;AHORCAMIENTO;AHOR
AHORCAMIENTO CON LAZO;AHORCAMIENTO;AHOR
AHORCAMIENTO CON PANTALON DE SUDADERA;AHORCAMIENTO;AHOR
AHORCAMIENTO CON PRENDA DE VESTIR (BUSO);AHORCAMIENTO;AHOR
AHORCAMIENTO CON PRENDA DE VESTIR, ESTUVO HOSPITALIZADA EN CLINICA PSOQUIATRICA;AHORCAMIENTO;AHOR
AHORCAMIENTO CON SOGA;AHORCAMIENTO;AHOR
AHORCAMIENTO CON SOGA;AHORCAMIENTO;AHOR
AHORCAMIENTO CON SOGA ENCONTRADO EN CASA;AHORCAMIENTO;AHOR
AHORCAMIENTO CON UN CABLE;AHORCAMIENTO;AHOR
AHORCAMIENTO CON UNA CORREA;AHORCAMIENTO;AHOR
AHORCAMIENTO CON UNOS CORDONES;AHORCAMIENTO;AHOR
AHORCAMIENTO DENTRO DE UNA VIVIENDA;AHORCAMIENTO;AHOR
AHORCAMIENTO EN LAZO;AHORCAMIENTO;AHOR
AHORCAMIENTO EN SUSPENSIËN POR SOGA;AHORCAMIENTO;AHOR
AHORCAMIENTO POR SUSPENCION;AHORCAMIENTO;AHOR
AHORCAMIENTO POR SUSPENSIËN CON SABANA;AHORCAMIENTO;AHOR
AHORCAMIENTO POR SUSPENSION;AHORCAMIENTO;AHOR
AHORCAMIENTO POR SUSPENSION;AHORCAMIENTO;AHOR
AHORCAMIENTO POR SUSPENSION;AHORCAMIENTO;AHOR
AHORCAMIENTO POR SUSPENSION;AHORCAMIENTO;AHOR
AHORCAMIENTO POR SUSPENSION;AHORCAMIENTO;AHOR
AHORCAMIENTO POR SUSPENSION;AHORCAMIENTO;AHOR
AHORCAMIENTO POR SUSPENSION;AHORCAMIENTO;AHOR
AHORCAMIENTO POR SUSPENSION;AHORCAMIENTO;AHOR
AHORCAMIENTO POR SUSPENSION;AHORCAMIENTO;AHOR
AHORCAMIENTO POR SUSPENSION;AHORCAMIENTO;AHOR
AHORCAMIENTO POR SUSPENSION;AHORCAMIENTO;AHOR
AHORCAMIENTO POR SUSPENSION;AHORCAMIENTO;AHOR
AHORCAMIENTO POR SUSPENSION;AHORCAMIENTO;AHOR
AHORCAMIENTO POR SUSPENSION;AHORCAMIENTO;AHOR
AHORCAMIENTO POR SUSPENSION;AHORCAMIENTO;AHOR
AHORCAMIENTO POR SUSPENSION;AHORCAMIENTO;AHOR
AHORCAMIENTO POR SUSPENSION;AHORCAMIENTO;AHOR
AHORCAMIENTO POR SUSPENSION;AHORCAMIENTO;AHOR
AHORCAMIENTO POR SUSPENSION COMPLETA;AHORCAMIENTO;AHOR
AHORCAMIENTO POR SUSPENSION COMPLETA;AHORCAMIENTO;AHOR
AHORCAMIENTO POR SUSPENSION COMPLETA;AHORCAMIENTO;AHOR
AHORCAMIENTO POR SUSPENSION COMPLETA;AHORCAMIENTO;AHOR
AHORCAMIENTO SUSPENSION CON SOGA;AHORCAMIENTO;AHOR
AHORCAMIENTO VOLUNTARIO;AHORCAMIENTO;AHOR
AL PARECER AUTODEGUELLO CON ARMA BLANCA;ARMA FUEGO U OTRA;ARMA
AL PARECER CAIDA DESDE ALTURA;CAIDA O LANZAMIENTO;CAIDA
AL PARECER DE DISPARO EN LA BOCA;ARMA FUEGO U OTRA;ARMA
AL PARECER ENVENENAMIENTO CON FURADAN;ENVENENAMIENTO;ENVENENA
AL PARECER INGESTION DE TRAMADOL;INGESTION MEDICAMENTE O SUSTANCIA;INGE
AL PARECER INGIRIË GRAN CANTIDAD DE PESTICIDA POR PROBLEMAS SENTIMENTALES;INGESTION MEDICAMENTE O SUSTANCIA;INGIR
AL PARECER INGIRIO NUVAN 50;INGESTION MEDICAMENTE O SUSTANCIA;INGIR
AL PARECER INGIRIO SUSTANCIA NO CONOCIDA;INGESTION MEDICAMENTE O SUSTANCIA;INGIR
AL PARECER INGIRIO VENENO;ENVENENAMIENTO;VENENO
APARENTEMENTE INTOXICACION EXOGENA;INGESTION MEDICAMENTE O SUSTANCIA;INTOXICA
ARMA CORTANTE;ARMA FUEGO U OTRA;ARMA
ARMA DE FUEGO A QUEMA ROPA;ARMA FUEGO U OTRA;ARMA
ARMA DE FUEGO TIPO REVOLVER EN CRANEO;ARMA FUEGO U OTRA;ARMA
ASFIXIA MECANICA;AHORCAMIENTO;ASFIXIA
ASFIXIA MECANICA POR SUSPENSION;SUSPENSION;SUSPEN
Asfixia mecßnica por ahorcadura;AHORCAMIENTO;AHOR
ASFIXIA POR AHORCAMIENTO CON CINTURON;AHORCAMIENTO;AHOR
ASFIXIA POR OBSTRUCCION DE TRAQUEA SECUNDARIA A INTUBACION ENDOTRAQUEAL POR INGESTION DE TOXICO EXOGENO;INGESTION MEDICAMENTE O SUSTANCIA;INGE
AUTOAGRESION CON ARMA CORTOCONTUNDENTE;ARMA FUEGO U OTRA;ARMA
AUTOINGESTA DE ORGANO FOSFORADO ETIOQUIL GARRAPATICIDA;INGESTION MEDICAMENTE O SUSTANCIA;INGE
AUTOLESION INFLIGIDA POR PROYECTIL DE ARMA DE FUEGO;ARMA FUEGO U OTRA;PROYECTIL 
AUTOLESION INFLINGIDA AL INGERIR INSECTICIDA AGRICOLA;INGESTION MEDICAMENTE O SUSTANCIA;INGE
AUTOLESION VOLUNTARIA EN LUGAR DE RESIDENCIA-AHORCAMIENTO;AHORCAMIENTO;AHOR
CAE DE PISO 16;CAIDA O LANZAMIENTO;CAE
CAIDA DE ALTURA;CAIDA O LANZAMIENTO;CAIDA
CAIDA DE ALTURA;CAIDA O LANZAMIENTO;CAIDA
CAIDA DE ALTURA;CAIDA O LANZAMIENTO;CAIDA
CAIDA DE ALTURA 5TO PISO;CAIDA O LANZAMIENTO;CAIDA
CAIDA DE ALTURA POR LANZAMIENTO AL VACIO;CAIDA O LANZAMIENTO;CAIDA
CAIDA DE UN SEGUNDO PISO CUANDO SE LANZO;CAIDA O LANZAMIENTO;CAIDA
CAIDA DE UN TERCER PISO;CAIDA O LANZAMIENTO;CAIDA
CAIDA DESDE 4 PISO (POSIBLE SUICIDIO  SIN DESCARTAR OTRA);CAIDA O LANZAMIENTO;CAIDA
CEMENTERIO CENTRAL-QUEMADURA CON COMBUSTIBLE;QUEMADURA;QUEMA
COLGADA CON UNA SABANA EN SU RESIDENCIA;AHORCAMIENTO;COLG
COLGADO A UN ARBOL;AHORCAMIENTO;COLG
COLGADO CON UNA SOGA DE UNA VIGA EN SU RESIDENCIA;AHORCAMIENTO;COLG
COLGADO DEL TECHO DE SU CASA;AHORCAMIENTO;COLG
COLGADO DEL TECHO DE SU CASA CON UNA CUERDA;AHORCAMIENTO;COLG
COLGADO MEDIANTE CUERDA DE UN ARBOL AHORCAMIENTO;AHORCAMIENTO;AHOR
CONSUMO DE TIODAN;INGESTION MEDICAMENTE O SUSTANCIA;CONSUMO
CONSUMO DE VENENO EXOGENO POSIBLE ORGANOFOSFORADO;ENVENENAMIENTO;VENENO
CUERPO SIN VIDA QUE LO ENCONTRARON COLGADO CON LAZO DEL CUELLO DE ARBOL;AHORCAMIENTO;COLG
CUERPO SUSPENDIDO EN CUERDA AL REDEDOR DEL CUELLO EN SU DOMICILIO;SUSPENSION;SUSPEN
DISPARO CON ARMA DE FUEGO CARGA UNICA;ARMA FUEGO U OTRA;ARMA
EL HOY OCCISO SE AHORCO CUANDO SE SUSPENDIO CON SU BUZO;SUSPENSION;SUSPEN
EL OCCISO FUE SUSPENDIDO A UN ARBOL CON SU CORREA;SUSPENSION;SUSPEN
EL OCCISO SE ENCONTRABA HOSPEDADO EN UN HOTEL Y SE LANZO DE SU SEGUNDO PISO;CAIDA O LANZAMIENTO;LANZ
EL PACIENTE FUE ENCONTRADO EN EL BAÐO CON INSICION EN CUELLO DEL LADO DERECHO POR DEBAJO DEL MENTON;ARMA FUEGO U OTRA;INSICION
EN CASA DOMICILIO PROBABLE VIOLENCIA INTRAFAMILIAR CON EL COMPAÐERO PERMANENTE;OTRAS;VIOLENCIA
EN EL BAR CONOCIDO COMO DONDE GERMAN EN EL BAÐO INGIRIO UN LIQUIDO TOXICO CONOCIDO COMO THYODAN;INGESTION MEDICAMENTE O SUSTANCIA;INGIR
EN SU RESIDENCIA SE AMARRË CORREA AL CUELLO Y SE SUSPENDIË;SUSPENSION;SUSPEN
ENCONTRADO CON LAZO AL REDEDOR DEL CUELLO EN SALA DE LA CASA;AHORCAMIENTO;CUELLO
ENCONTRADO EN SU CASA COLGADO DE UNA SOGA;AHORCAMIENTO;COLG
ENCONTRADO SIN VIDA EN UNA RESIDENCIA EN EL SECTOR CENTRO DE MANIZALES;OTRAS;VIDA
ENCONTRADO SUSPENDIDO CON UNA CUERDA EN CUELLO;SUSPENSION;SUSPEN
ENVENENADA CON GUAYAQUIL FLUOROACETATO SODIO;ENVENENAMIENTO;ENVENENA
ENVENENADO   LORSBAN;ENVENENAMIENTO;ENVENENA
ENVENENADO CON PASTAS CLOZAPINA;ENVENENAMIENTO;ENVENENA
ENVENENAMIENTO;ENVENENAMIENTO;ENVENENA
ENVENENAMIENTO AL PARECER CON ORGANOFOSFORADOS;ENVENENAMIENTO;ENVENENA
ENVENENAMIENTO CON CIANURO;ENVENENAMIENTO;ENVENENA
ENVENENAMIENTO INTENCIONAL POSIBLE TËXICO CIANURO;ENVENENAMIENTO;ENVENENA
ENVENENAMIENTO POR CARBAMATOL;ENVENENAMIENTO;ENVENENA
ENVENENAMIENTO POR GARRAFOX PLAGUICIDA;ENVENENAMIENTO;ENVENENA
ENVENENAMIENTO POR INGESTA DE VENENO PRA LA BROCA;ENVENENAMIENTO;VENENO, INGEST
ENVENENAMIENTO POR PLAGUICIDA;ENVENENAMIENTO;ENVENENA
ENVENENAMIENTO POR SUSTANCIA DESCONOCIDA;ENVENENAMIENTO;ENVENENA
ENVENENAMIENTO VOLUNTARIO CON SUSTANCIA QUIMICA;ENVENENAMIENTO;ENVENENA
FAMILIAR HIJO COMENTA QUE LO ENCONTRARON AHORCADO;AHORCAMIENTO;AHOR
fue encontrada ahorcada en una rama en la finca;AHORCAMIENTO;AHOR
FUE ENCONTRADO EN SU CASA SUSPENDIDO DE UNA CUERDA DEL CUELLO;SUSPENSION;SUSPEN
Fue encontrado en su residencia sobre la cama con coloracion morada alrededor del cuello;AHORCAMIENTO;CUELLO
FUE ENCONTRADO SUSPENDIDO DE UN ARBOL DE AGUACATE DE LA VEREDA CALENTADEROS;SUSPENSION;SUSPEN
FUE ENCONTRADO SUSPENDIDO DEL CUELLO POR UNA CUERDA;SUSPENSION;SUSPEN
FUE HALLADO COLGADO POR SU TIO;AHORCAMIENTO;COLG
FURADAN;INGESTION MEDICAMENTE O SUSTANCIA;FURADAN
HALLADA EN RESIDENCIA, AREA URBANA RIOSUCIO CALDAS VICTIMA DE SUICIDIO POR AHORCAMIENTO;AHORCAMIENTO;AHOR
HALLADA EN SUSPENSIËN COMPELTA EN SU CASA;SUSPENSION;SUSPEN
HALLADO EN SUSPENSION;SUSPENSION;SUSPEN
HALLADO EN SUSPENSION INCOMPLETA;SUSPENSION;SUSPEN
HALLADO SUSPENDIDO DE UNA VIGA EN LA CASA;SUSPENSION;SUSPEN
HALLADO SUSPENDIDO EN SU CASA;SUSPENSION;SUSPEN
HERDIA ARMA DE FUEGO;ARMA FUEGO U OTRA;ARMA
HERIDA  EN  CABEZA  POR  ARMA  DE  FUEGO;ARMA FUEGO U OTRA;HERID
HERIDA  POR  ARMA  DE  FUEGO;ARMA FUEGO U OTRA;HERID
HERIDA ARAMA DE FUEGO CAÐON CORTO;ARMA FUEGO U OTRA;HERID
HERIDA ARMA CORTOPUNZANTE;ARMA FUEGO U OTRA;HERID
HERIDA ARMA DE FUEGO;ARMA FUEGO U OTRA;HERID
HERIDA ARMA DE FUEGO;ARMA FUEGO U OTRA;HERID
HERIDA ARMA DE FUEGO CAÐON CORTO;ARMA FUEGO U OTRA;HERID
HERIDA ARMA DE FUEGO CAÐON CORTO;ARMA FUEGO U OTRA;HERID
HERIDA ARMA DE FUEGO CAÐON CORTO;ARMA FUEGO U OTRA;HERID
HERIDA ARMA DE FUEGO CARGA MULTIPLE;ARMA FUEGO U OTRA;HERID
HERIDA ARMA DE FUEGO CRANEO;ARMA FUEGO U OTRA;HERID
HERIDA ARMA DE FUEGO DE CARGA MULTIPLE;ARMA FUEGO U OTRA;HERID
HERIDA ARMA DE FUEGO DE CARGA MULTIPLE;ARMA FUEGO U OTRA;HERID
HERIDA ARMA DE FUEGO TORAX;ARMA FUEGO U OTRA;HERID
HERIDA CAUSADA CON ARMA CORTOPUNZANTE EN CUELLO;ARMA FUEGO U OTRA;HERID
HERIDA CAUSADA POR ARMA DE FUEGO;ARMA FUEGO U OTRA;HERID
HERIDA CAUSADA POR ARMA DE FUEGO DE CARGA MULTIPLE;ARMA FUEGO U OTRA;HERID
HERIDA CAUSADA POR PROYECTIL ARMA DE FUEGO EN BOCA;ARMA FUEGO U OTRA;HERID
HERIDA CERVICAL CON ARMA CORTOPUNZANTE Y CRANEALES POR ELEMENTO PUNZANTE;ARMA FUEGO U OTRA;HERID
HERIDA CON ARMA DE FUEGO;ARMA FUEGO U OTRA;HERID
HERIDA CON ARMA DE FUEGO CAÐON CORTO;ARMA FUEGO U OTRA;HERID
HERIDA CON ARMA DE FUEGO EN CAVIDAD TORAXICA;ARMA FUEGO U OTRA;HERID
HERIDA CON ARMA DE FUEGO EN LA CABEZA SE DESCONOCEN LOS HECHOS;ARMA FUEGO U OTRA;HERID
HERIDA CON PROYECTIL ARMA DE FUEGO;ARMA FUEGO U OTRA;HERID
HERIDA CON PROYECTIL ARMA DE FUEGO;ARMA FUEGO U OTRA;HERID
HERIDA CRANEAL POR PAF;ARMA FUEGO U OTRA;HERID
HERIDA DE BALA EN OIDO DERECHO;ARMA FUEGO U OTRA;HERID
herida en cabeza por proyectil de arma de fuego;ARMA FUEGO U OTRA;HERID
HERIDA EN CABEZA POR PROYECTIL DE ARMA DE FUEGO TIPO REVOLVER;ARMA FUEGO U OTRA;HERID
HERIDA EN CRANEO PROYECTIL ARMA DE FUEGO CAÐON CORTO;ARMA FUEGO U OTRA;HERID
HERIDA MESOGASTRICA CON ARMA DE FUEGO DE CARGA MULTIPLE;ARMA FUEGO U OTRA;HERID
HERIDA PAF CARGA UNICA;ARMA FUEGO U OTRA;HERID
HERIDA POR ARMA DE FUEGO;ARMA FUEGO U OTRA;HERID
HERIDA POR ARMA DE FUEGO;ARMA FUEGO U OTRA;HERID
HERIDA POR ARMA DE FUEGO;ARMA FUEGO U OTRA;HERID
HERIDA POR ARMA DE FUEGO EN BOCA,CARGA UNICA;ARMA FUEGO U OTRA;HERID
HERIDA POR ARMA DE FUEGO EN CABEZA;ARMA FUEGO U OTRA;HERID
HERIDA POR ARMA DE FUEGO EN CRANEO;ARMA FUEGO U OTRA;HERID
HERIDA POR ARMA DE FUEGO REVOLVER  LARGO SMITH  WESSON;ARMA FUEGO U OTRA;HERID
HERIDA POR PAF;ARMA FUEGO U OTRA;HERID
HERIDA POR PAF;ARMA FUEGO U OTRA;HERID
HERIDA POR PAF;ARMA FUEGO U OTRA;HERID
HERIDA POR PAF;ARMA FUEGO U OTRA;HERID
HERIDA POR PAF;ARMA FUEGO U OTRA;HERID
HERIDA POR PROYECTIL ARMA DE FUEGO CARGA UNICA;ARMA FUEGO U OTRA;HERID
HERIDA POR PROYECTIL DE ARMA DE FUEGO;ARMA FUEGO U OTRA;HERID
HERIDA POR PROYECTIL DE ARMA DE FUEGO CARGA MULTIPLE;ARMA FUEGO U OTRA;HERID
HERIDA POR PROYECTIL DE ARMA DE FUEGO CARGA UNICA;ARMA FUEGO U OTRA;HERID
HERIDA POR PROYECTIL DE ARMA DE FUEGO CARGA UNICA EN TORAX;ARMA FUEGO U OTRA;HERID
HERIDA POR PROYECTIL DE ARMA DE FUEGO EN CRANEO CON FUSIL AUTOINFLINGIDA;ARMA FUEGO U OTRA;HERID
HERIDA POR PROYECTIL DE ARMA DE FUEGO MULTIPLE EN CR?NEO;ARMA FUEGO U OTRA;HERID
HERIDA PRODUCIDA POR PROYECTIL ARMA DE FUEGO EN CRANEO;ARMA FUEGO U OTRA;HERID
HERIDA PROYECTIL ARMA DE FUEGO;ARMA FUEGO U OTRA;HERID
HERIDA PROYECTIL ARMA DE FUEGO;ARMA FUEGO U OTRA;HERID
HERIDAS   PRODUCIDAS  POR  ARMA   DE  FUEGO;ARMA FUEGO U OTRA;HERID
HERIDAS ARMA DE FUEGO CAÐON CORTO;ARMA FUEGO U OTRA;HERID
HERIDAS CAUSADAS EN CUELLO CON ARMA CORTOPUNZANTE;ARMA FUEGO U OTRA;HERID
HERIDAS CON ARMA CORTANTE;ARMA FUEGO U OTRA;HERID
HERIDAS CRANEALES POR PAF;ARMA FUEGO U OTRA;HERID
HERIDAS POR PROYECTIL ARMA DE FUEGO CARGA UNICA;ARMA FUEGO U OTRA;HERID
HERIDAS TORACICAS CON ARMA CORTOPUNZANTE;ARMA FUEGO U OTRA;HERID
HERIDO ARMA DE FUEGO CAÐON CORTO;ARMA FUEGO U OTRA;HERID
HERIDO ARMA DE FUEGO CAÐON CORTO;ARMA FUEGO U OTRA;HERID
HERIDO ARMA DE FUEGO CAÐON CORTO;ARMA FUEGO U OTRA;HERID
HERIDO ARMA DE FUEGO CAÐON CORTO;ARMA FUEGO U OTRA;HERID
HERIDO ARMA DE FUEGO DE CARGA MULTIPLE;ARMA FUEGO U OTRA;HERID
HERIDO CON ARMA DE FUEGO;ARMA FUEGO U OTRA;HERID
HERIDO CON ESCOPETA;ARMA FUEGO U OTRA;HERID
HERIDO POR A / F;ARMA FUEGO U OTRA;HERID
HERIDO POR ARMA DE FUEGO;ARMA FUEGO U OTRA;HERID
HERIDO POR ARMA DE FUEGO DE CARGA UNICA A NIVEL DEL HIPOCONDRIO DERECHO;ARMA FUEGO U OTRA;HERID
HERIDO PROYECTIL DE ARMA DE FUEGO CARGA MULTIPLE;ARMA FUEGO U OTRA;HERID
HOMBRE JOVE QUE MURIO POR AHORCAMIENTO COMO UN HECHO SUICIDA;AHORCAMIENTO;AHOR
INGESTA DE MULTIPLES TABLETAS DE AMLODIPINO E HIDROCLOROTIAZIDA;INGESTION MEDICAMENTE O SUSTANCIA;INGE
INGESTA DE ORGANOFOSFORADOS;INGESTION MEDICAMENTE O SUSTANCIA;INGE
INGESTA DE RATICIDA GUAYAQUIL;INGESTION MEDICAMENTE O SUSTANCIA;INGE
INGESTA DE TOXICO (LORBAN) HACE 13 DIAS;INGESTION MEDICAMENTE O SUSTANCIA;INGE
INGESTA DE TOXICO EXOGENO;INGESTION MEDICAMENTE O SUSTANCIA;INGE
INGESTA DE TOXICO PARAQUAT;INGESTION MEDICAMENTE O SUSTANCIA;INGE
INGESTA SUSTANCIA TOXICA;INGESTION MEDICAMENTE O SUSTANCIA;INGE
INGESTA VOLUNTARIA DE SUSTANCIAS QUIMICAS;INGESTION MEDICAMENTE O SUSTANCIA;INGE
INGESTION AL PARECER DE CIANURO;INGESTION MEDICAMENTE O SUSTANCIA;INGE
INGESTION AL PARECER DE MALATHION;INGESTION MEDICAMENTE O SUSTANCIA;INGE
INGESTION APARENTE DE GRAFOS (VENENO PARA GARRAPATAS);ENVENENAMIENTO;VENENO, INGEST
INGESTION DE NOVAN 50;INGESTION MEDICAMENTE O SUSTANCIA;INGE
INGESTION DE PARAGUAT;INGESTION MEDICAMENTE O SUSTANCIA;INGE
"INGESTION DE PARAQUAT ""ACCIDENTALMENTE""";INGESTION MEDICAMENTE O SUSTANCIA;INGE
INGESTION DE PLAGUICIDA;INGESTION MEDICAMENTE O SUSTANCIA;INGE
INGESTION DE SOBREDOSIS DE ANTIDEPRESIVOS;INGESTION MEDICAMENTE O SUSTANCIA;INGE
INGESTION DE SOBREDOSIS DE CLONOSAPINA;INGESTION MEDICAMENTE O SUSTANCIA;INGE
INGESTION DE SOBREDOSIS DE MEDICAMENTO;INGESTION MEDICAMENTE O SUSTANCIA;INGE
INGESTION DE SOBREDOSIS DE TRAMADOL;INGESTION MEDICAMENTE O SUSTANCIA;INGE
INGESTION DE THEODAN;INGESTION MEDICAMENTE O SUSTANCIA;INGE
INGESTION DE TOXICO EXOGENO;INGESTION MEDICAMENTE O SUSTANCIA;INGE
INGESTION DE TOXICO EXOGENO;INGESTION MEDICAMENTE O SUSTANCIA;INGE
INGESTION DE TOXICO EXOGENO;INGESTION MEDICAMENTE O SUSTANCIA;INGE
INGESTION DE TOXICO EXOGENO;INGESTION MEDICAMENTE O SUSTANCIA;INGE
INGESTION DE TOXICO EXOGENO;INGESTION MEDICAMENTE O SUSTANCIA;INGE
INGESTION DE VENENO;ENVENENAMIENTO;VENENO, INGEST
INGIRIO SOBREDOSIS DE  BUPROPION;INGESTION MEDICAMENTE O SUSTANCIA;INGIR
INGIRIO VOLUNTARIAMENTE DE UN FRASCO CON CIANURO;INGESTION MEDICAMENTE O SUSTANCIA;INGIR
INTOXICACION ASOCIADO A AHORCAMIENTO AUTOINFLINGIDO;AHORCAMIENTO;AHOR, INTOXICA
INTOXICACION CON ENDOSULFAN;INGESTION MEDICAMENTE O SUSTANCIA;INTOXICA
INTOXICACION CON MEDICAMENTOS;INGESTION MEDICAMENTE O SUSTANCIA;INTOXICA
INTOXICACION CON ORGANOFOSFORADO TRICLORPHON;INGESTION MEDICAMENTE O SUSTANCIA;INTOXICA
INTOXICACION CON PARAQUAT;INGESTION MEDICAMENTE O SUSTANCIA;INTOXICA
INTOXICACION EXOGENA;INGESTION MEDICAMENTE O SUSTANCIA;INTOXICA
INTOXICACION EXOGENA;INGESTION MEDICAMENTE O SUSTANCIA;INTOXICA
INTOXICACION EXOGENA POR INGESTION DE AGENTE QUIMICO DESCONOCIDO;INGESTION MEDICAMENTE O SUSTANCIA;INGE, INTOXICA
INTOXICACION MONOXIDO DE CARBONO;INGESTION MEDICAMENTE O SUSTANCIA;INTOXICA
INTOXICACION POR CO;INGESTION MEDICAMENTE O SUSTANCIA;INTOXICA
INTOXICACION POR INGESTION DE FURADAN;INGESTION MEDICAMENTE O SUSTANCIA;INGE, INTOXICA
INTOXICACION POR INGESTION DE PLAGUICIDAS ORGANOFOSFORADO;INGESTION MEDICAMENTE O SUSTANCIA;INGE, INTOXICA
INTOXICACION POR ORGANOFOSFORADO NEGUVON TRICLORFAN;INGESTION MEDICAMENTE O SUSTANCIA;INTOXICA
INTOXICACION POR SOBREDOSIS DE AMITRIPTILINA;INGESTION MEDICAMENTE O SUSTANCIA;INTOXICA
INTOXICACIONM EXOGENA;INGESTION MEDICAMENTE O SUSTANCIA;INTOXICA
LA MADRE LO ENCONTRO SUSPENDIDO DE UN LAZO EN EL CUELLO;SUSPENSION;SUSPEN
LANZAMIENTO AL VACIO;CAIDA O LANZAMIENTO;LANZ
LANZAMIENTO AL VACIO;CAIDA O LANZAMIENTO;LANZ
LANZAMIENTO AL VACIO;CAIDA O LANZAMIENTO;LANZ
LANZAMIENTO AL VACIO;CAIDA O LANZAMIENTO;LANZ
LANZAMIENTO DE PUENTE DOMENICO PARMA;CAIDA O LANZAMIENTO;LANZ
LANZAMIENTO SEDE UN PUENTE EL RIO CAUCA;CAIDA O LANZAMIENTO;LANZ
LES HACEN EXPLOTAR UNA BOMBA;OTRAS;BOMBA
LO ENCONTRARON CONVULSIONANDO EN LA CELDA DE LA CARCEL;INGESTION MEDICAMENTE O SUSTANCIA;COLVULSION
LO ENCONTRARON EN LA HABITACION AL LADO FRASCO DE VENENO;ENVENENAMIENTO;VENENO
LO HALLARON EN SU CASA EN SUSPENSION INCOMPLETA;SUSPENSION;SUSPEN
LO HALLARON SUSPENDIDO EN SU CASA;SUSPENSION;SUSPEN
MEDICINA LEGAL AL PARECER SE LANZO AL VACIO DESDE UN PISO TRECE;CAIDA O LANZAMIENTO;LANZ
MENOR QUE INGIRIË PENTOPEN (VENENO PARA LA BROCA);ENVENENAMIENTO;VENENO
muerte por herida de arma de fuego carga unica en craneo;ARMA FUEGO U OTRA;HERID
MUJER QUE FUE ENCONTRADA EN UN CAFETAL CON UNA CUERDA EN EL CUELLO;AHORCAMIENTO;CUELLO
MUJER QUE SE ENCUENTRA SUSPENDIAD POR UNA SABANA DEL CUELLO;SUSPENSION;SUSPEN
PACIENTE QUE SE HALLO SUSPENDIDO A LA VIGA DE CASA;SUSPENSION;SUSPEN
PACIENTE QUE SE SUICIDA EN FINCA DEL CORRIGIMIENTO DE ARMA MEDIANTE AHORCAMIENTO CON LAZO;AHORCAMIENTO;AHOR
PACIENTE QUIEN AL PARECER TOMO TIODAN;INGESTION MEDICAMENTE O SUSTANCIA;TOMO
PACIENTE QUIEN ES ENCONTRADO MUERTO EN EL BAÐO DE SU CASA;OTRAS;MUERTO
PACIENTE RECLUSO PENITENCIARIA DE DOÐA JUANA DONDE LO ENCUENTRAN AHORCADO;AHORCAMIENTO;AHOR
Paciente sufrio ahorcamiento con cuerda;AHORCAMIENTO;AHOR
PERSONA QUE SE ENCUENTRA COLGADO DEL CUELLO;AHORCAMIENTO;COLG
PLAGUICIDA MOSKTION ORGANOFOSFORADO;INGESTION MEDICAMENTE O SUSTANCIA;PLAGUICIDA
POLITRAUMA POR CAIDA;CAIDA O LANZAMIENTO;CAIDA
PRECIPITACION DE ALTURA;CAIDA O LANZAMIENTO;PRECIP
PRECIPITACION DE ALTURA;CAIDA O LANZAMIENTO;PRECIP
PRECIPITACION DE ALTURA;CAIDA O LANZAMIENTO;PRECIP
PROBABLE INGESTION DE TOXICO EXOGENO;INGESTION MEDICAMENTE O SUSTANCIA;INGE
PROBABLE INGESTION TOXICO EXOGENA;INGESTION MEDICAMENTE O SUSTANCIA;INGE
PROYECTIL ARMA DE FUEGO;ARMA FUEGO U OTRA;PROYECTIL 
PROYECTIL ARMA DE FUEGO;ARMA FUEGO U OTRA;PROYECTIL 
PROYECTIL ARMA DE FUEGO;ARMA FUEGO U OTRA;PROYECTIL 
PROYECTIL ARMA DE FUEGO;ARMA FUEGO U OTRA;PROYECTIL 
PROYECTIL ARMA DE FUEGO;ARMA FUEGO U OTRA;PROYECTIL 
PROYECTIL ARMA DE FUEGO;ARMA FUEGO U OTRA;PROYECTIL 
PROYECTIL ARMA DE FUEGO CARGA UNICA;ARMA FUEGO U OTRA;PROYECTIL 
PROYECTIL ARMA DE FUEGO EN REGION TERMPOPARIETAL IZQUIERDA;ARMA FUEGO U OTRA;PROYECTIL 
PROYECTIL DE ARMA DE FUEGO;ARMA FUEGO U OTRA;PROYECTIL 
QUEMADURA POR GASOLINA QUIEN EL MISMO SE APLICO;QUEMADURA;QUEMADURA
QUEMADURAS AUTOINFLIGIDAS CON THINER;QUEMADURA;QUEMADURA
SE AHORCO CON UNA CUERDA;AHORCAMIENTO;AHOR
SE AUTOINFLINGE UNA HERIDA POR PROYECTIL DE ARMA DE FUEGO EN CRANEO;ARMA FUEGO U OTRA;HERID
SE AUTOOCASIONA HERIDA POR ARMA BLANCA EN REGION PRECORIDIAL;ARMA FUEGO U OTRA;HERID
SE COLGO DE UN LASO;AHORCAMIENTO;COLG
SE COLGO DE UNA BIGA DE LA CASA Y CON LASO SE SUJETO DEL CUELLO Y SE AHORCO;AHORCAMIENTO;COLG
SE COLGO DEL CUELLO CON SOGA Y UNA PRENDA;AHORCAMIENTO;COLG
Se encontr¾ paciente en domicilio colgada de un lazo en el cuello con la lengua levemente protruida;AHORCAMIENTO;COLG
SE ENCONTRABA HOSPITALIZADO Y SE LANZO DEL 2 PISO;CAIDA O LANZAMIENTO;LANZ
SE ENCONTRË COLGADO A UNA MADERO;AHORCAMIENTO;COLG
SE ENCONTRO SIN VIDA EN UNA HABITACION EN LA FINCA LA GUAIRA;OTRAS;VIDA
SE ENCONTRO SUSPENDIDA CON CABLE;SUSPENSION;SUSPEN
SE ENCUENTRA SUSPENDIDO DE UN ARBOL ALREDEDOR DEL CUELLO;SUSPENSION;SUSPEN
SE ENCUENTRA SUSPENDIDO DEL CUELLO CON UNA CORREA;SUSPENSION;SUSPEN
SE ENVENENO CON OGANOFOSFORADO Y PIRETROIDE LLAMADO LATIGO;ENVENENAMIENTO;VENENO
SE HALLO AHORCADO DEBAJO DE UN PUENTE;AHORCAMIENTO;AHOR
SE HALLO SUSPENDIDO DENTRO DE LA VIVIENDA;SUSPENSION;SUSPEN
SE HALLO SUSPENDIDO EN SU CASA;SUSPENSION;SUSPEN
SE PEGO UN TIRO CON ARMA DE FUEGO EN LA CABEZA;ARMA FUEGO U OTRA;ARMA
SE SUSPENDIO CON UNA CUERDA A UN ARBOL;SUSPENSION;SUSPEN
Se tiro del segundo piso del Hospital;CAIDA O LANZAMIENTO;TIRO
SE TOMO 1 PAPELETA DE LORSBAN 65;INGESTION MEDICAMENTE O SUSTANCIA;TOMO
SE TOMO 60CC DE MONITOR ORGANOFOSFORADO;INGESTION MEDICAMENTE O SUSTANCIA;TOMO
SEAHORCO;AHORCAMIENTO;AHOR
SEGUN VERSION POLICIAL EL OBSCISO SE DISPARO CON ARMA DE FUEGO EN LA CABEZA;ARMA FUEGO U OTRA;ARMA
SOBREDOSIS DE MEDICAMENTOS PSIQUIATRICO;INGESTION MEDICAMENTE O SUSTANCIA;SOBREDOSIS
SOBREDOSIS Y MEZCLA DE MEDICAMENTOS INTRAVENOSOS;INGESTION MEDICAMENTE O SUSTANCIA;SOBREDOSIS
Suicidio con arma de fuego;ARMA FUEGO U OTRA;ARMA
SUICIDIO ENVENENAMIENTO POR BARBITURICOS;ENVENENAMIENTO;ENVENENA
SUSPENCION COMPLETA AHORCAMIENTO EN LUGAR DE RESIDENCIA;AHORCAMIENTO;AHOR
SUSPENDIDO A UN LAZO;SUSPENSION;SUSPEN
SUSPENDIDO CON SOGA DEL TECHO EN SU CASA;SUSPENSION;SUSPEN
SUSPENDIDO CON UN LAZO DEL TECHO DE SU CASA;SUSPENSION;SUSPEN
SUSPENDIDO CON UN LAZO EN VIGA DE SU CASA;SUSPENSION;SUSPEN
SUSPENDIDO CON UNA CUERDA AL CUELLO;SUSPENSION;SUSPEN
SUSPENDIDO DE UN ARBOL CON UNA SOGA;SUSPENSION;SUSPEN
SUSPENDIDO DE UNA PUERTA CON UNA SOGA;SUSPENSION;SUSPEN
SUSPENDIDO DEL CUELLO A UNA VIGA;SUSPENSION;SUSPEN
SUSPENDIDO POR UNA CUERDA DEL TECHO DE LA VIVIENDA;SUSPENSION;SUSPEN
SUSPENSIËN INCOMPLETA A LA ALTURA DEL CUELLO TENIA ATADO UN CORDËN DE COLOR BLANCO DE TENNIS;SUSPENSION;SUSPEN
SUSPENSION COMPLETA;SUSPENSION;SUSPEN
SUSPENSION COMPLETA;SUSPENSION;SUSPEN
SUSPENSION COMPLETA CON SOGA;SUSPENSION;SUSPEN
SUSPENSION COMPLETA CON SOGA;SUSPENSION;SUSPEN
SUSPENSION CON LAZO;SUSPENSION;SUSPEN
SUSPENSION CON SOGA;SUSPENSION;SUSPEN
SUSPENSION DE UNA VIGA EN SU RESIDENCIA CON UNA SOGA;SUSPENSION;SUSPEN
SUSPENSION INCOMPLETA CUERDA;SUSPENSION;SUSPEN
SUSPENSION POR CUERDA AL CUELLO;SUSPENSION;SUSPEN
SUSPENSION TOTAL;SUSPENSION;SUSPEN
TRAUMA ABDOMINAL CON OBJETO PUNZANTE;ARMA FUEGO U OTRA;OBJETO
VENENO ARTESANAL PROBABLE ORGANOFOSFORADO;ENVENENAMIENTO;VENENO
veneno multiples clases campeon y sicario;ENVENENAMIENTO;VENENO
VENENO THIONYL;ENVENENAMIENTO;VENENO
